{"cameraMode":{"drawMode":0,"name":"Shaded","section":"Shading Mode"},"sceneLighting":true,"audioPlay":false,"sceneViewState":{"m_AlwaysRefresh":false,"showFog":true,"showSkybox":true,"showFlares":true,"showImageEffects":true,"showParticleSystems":true,"showVisualEffectGraphs":true,"m_FxEnabled":true},"in2DMode":false,"pivot":{"x":2.7088193893432619,"y":-0.38357019424438479,"z":3.014542579650879},"rotation":{"x":0.20810246467590333,"y":0.3263663649559021,"z":-0.0738513320684433,"w":0.9192951321601868},"size":6.744568824768066,"orthographic":false}